filings,first_filers,year,all_filings_001_002_040,cpi,paint_coating_mfg,metal_coating_services,oem_finishes,g_filings,g_first,g_share,cpi_infl,real_paint_coating_mfg,real_paint_coating_mfg_f1,real_paint_coating_mfg_f123,real_oem_finishes,real_oem_finishes_f1,real_oem_finishes_f123,real_metal_coating_services,real_metal_coating_services_f1,real_metal_coating_services_f123
1,1,1985,2331,107.6,104.9,102.6,103.4,,,,,,-0.0061001333806443014,-0.010664644194584419,,-0.012630789719187518,-0.02521514974124124,,0.01606944928493803,-0.007479043244623004
2,2,1986,2341,109.6,106.2,106.2,104.0,0.6931471805599453,0.6931471805599453,0.6888663521047915,0.018416726786231408,-0.0061001333806443014,-0.02647399194427269,-0.0018173095091314623,-0.012630789719187518,-0.03392490159524186,-0.02275474294097268,0.01606944928493803,-0.022749592853290146,-0.017231014343643377
2,2,1987,2433,113.6,107.2,107.6,104.2,0.0,0.0,-0.038546875292611915,0.03584613177313578,-0.02647399194427269,0.0005801927411637209,0.004465458107491813,-0.03392490159524186,-0.029089757909294356,-0.018537284122912997,-0.022749592853290146,-0.015756986165516906,-0.026022313025504687
4,3,1988,2633,118.3,111.7,110.3,105.4,0.6931471805599453,0.4054651081081645,0.6141483638471588,0.040540264697289885,0.0005801927411637209,0.02044187067571457,0.004374051774857904,-0.029089757909294356,-0.00524956931838183,-0.0115937938984733,-0.015756986165516906,-0.01318646401212309,-0.03567643070749919
2,2,1989,3192,124.0,119.5,114.1,109.9,-0.6931471805599453,-0.4054651081081645,-0.8856709796333355,0.047057794620696036,0.02044187067571457,-0.0076256890944028655,-0.007248573918011189,-0.00524956931838183,-0.021272525141062815,-0.016616170642871058,-0.01318646401212309,-0.04912348889887408,-0.041459409992304096
3,3,1990,4158,130.7,125.0,114.5,113.4,0.4054651081081645,0.4054651081081645,0.14107859825990587,0.052623055025138754,-0.0076256890944028655,0.0003059737432620224,-0.011529048794769455,-0.021272525141062815,-0.008259287235975243,-0.014046418704952043,-0.04912348889887408,-0.0447193392115004,-0.033458295640770366
5,5,1991,4020,136.2,130.3,114.1,117.2,0.5108256237659905,0.5108256237659905,0.5445779105708821,0.04121977308523572,0.0003059737432620224,-0.01442600640289271,-0.013874305847107138,-0.008259287235975243,-0.020316699551575113,-0.016135311169628075,-0.0447193392115004,-0.030535401866537804,-0.024369740646868365
8,4,1992,3975,140.3,132.3,114.0,118.3,0.47000362924573547,-0.2231435513142097,0.4812607837703702,0.029658593393003585,-0.01442600640289271,-0.020467113724677688,-0.0014180135675454508,-0.020316699551575113,-0.013563269327305782,-0.009745657064381536,-0.030535401866537804,-0.025120145844272912,-0.020058276874078313
9,5,1993,4396,144.5,133.5,114.5,120.2,0.11778303565638382,0.2231435513142097,0.017112747221303515,0.029496520444071805,-0.020467113724677688,-0.006729797413751015,0.005573116576143747,-0.013563269327305782,-0.01452596463000333,-0.010414622040010833,-0.025120145844272912,-0.01745367422979438,-0.017406450238376614
12,8,1994,4359,148.2,136.0,115.4,121.5,0.2876820724517808,0.47000362924573547,0.29613443573690024,0.025283205309499124,-0.006729797413751015,0.02294287043579235,0.010717361273703336,-0.01452596463000333,-0.0011477372358354998,-0.013134394773704075,-0.01745367422979438,-0.01760101054816765,-0.015218794274527287
16,9,1995,5079,152.4,143.1,116.6,124.8,0.2876820724517808,0.11778303565638382,0.1348103538889287,0.027945930390560036,0.02294287043579235,0.0005062767063899187,0.003998167768733889,-0.0011477372358354998,-0.015570164254193664,-0.01764050125982249,-0.01760101054816765,-0.01716466593716781,-0.015342451703117986
16,6,1996,5238,156.9,147.4,118.0,126.5,0.0,-0.4054651081081646,-0.030825354266411864,0.029100016486441227,0.0005062767063899187,0.008702936678927742,0.0016725867717471594,-0.015570164254193664,-0.022685282831083065,-0.019469096944745523,-0.01716466593716781,-0.010890706338246403,-0.017743429176958554
13,10,1997,5731,160.5,152.1,119.4,126.5,-0.2076393647782444,0.5108256237659909,-0.29758965426232464,0.022685282831083065,0.008702936678927742,0.0027852899208840043,-0.00553563537291198,-0.022685282831083065,-0.014666056694190743,-0.02213929037751446,-0.010890706338246403,-0.017971982833939748,-0.024292791340269144
21,8,1998,6514,163.0,154.9,119.1,126.6,0.4795730802618863,-0.22314355131421015,0.35150940897744487,0.015456258236691944,0.0027852899208840043,-0.006470466284570264,-0.008829201885021416,-0.014666056694190743,-0.02105595130896276,-0.030563698373420913,-0.017971982833939748,-0.024367598358689513,-0.018272263452832505
18,11,1999,7297,166.6,157.3,118.8,126.7,-0.1541506798272585,0.3184537311185349,-0.26766027775669965,0.02184552892598024,-0.006470466284570264,-0.012921729755049682,-0.008059326195594352,-0.02105595130896276,-0.030695863129389878,-0.026919849481241855,-0.024367598358689513,-0.030538792828178174,-0.014834822145141459
13,10,2000,7648,172.2,160.5,119.1,127.0,-0.3254224004346278,-0.09531017980432477,-0.37240327140024565,0.03306086226088745,-0.012921729755049682,-0.007095409615444304,-0.004694284093630451,-0.030695863129389878,-0.039939280681910105,-0.02104483631196145,-0.030538792828178174,0.00008960082837017325,-0.011895208754522695
26,15,2001,7256,177.1,163.9,122.5,125.5,0.6931471805599454,0.40546510810816416,0.7457626434962101,0.02805795279515788,-0.007095409615444304,-0.0041608392162890695,-0.0002298327761497028,-0.039939280681910105,-0.010124404632425588,-0.012332194642947769,0.00008960082837017325,-0.014055274435616383,-0.010264057458788223
25,13,2002,7265,179.9,165.8,122.7,126.2,-0.03922071315328157,-0.14310084364067333,-0.04046029736269219,0.01568659616769974,-0.0041608392162890695,-0.0028266034491579717,0.013086541472050683,-0.010124404632425588,-0.013070823621548655,0.00023564651166996242,-0.014055274435616383,-0.021719952656321873,-0.009399055834472612
26,14,2003,7438,184.0,169.1,122.8,127.4,0.03922071315328157,0.07410797215372167,0.015687014672649546,0.02253461665249823,-0.0028266034491579717,0.006297944336997929,0.02682311777493703,-0.013070823621548655,-0.013801355674869065,0.012684073564761235,-0.021719952656321873,0.004983054715573587,0.014907723273024587
19,7,2004,7925,188.9,174.7,126.7,129.0,-0.3136575588550419,-0.6931471805599452,-0.3770778831155077,0.02628201689847831,0.006297944336997929,0.03578828352831209,0.02870406849724342,-0.013801355674869065,0.027579118831427607,0.012489451027998179,0.004983054715573587,-0.011460269562669545,0.022990796428432013
23,13,2005,8543,195.3,187.2,129.5,137.1,0.1910552367627094,0.6190392084062235,0.11596532235657175,0.03331906337516877,0.03578828352831209,0.038383125459501066,0.026127055342513174,0.027579118831427607,0.02427445753772517,0.012675239447971741,-0.011460269562669545,0.05120038466616972,0.020677342675336753
24,15,2006,9199,201.6,200.8,140.7,145.0,0.04255961441879608,0.14310084364067333,-0.03142293390674222,0.031748698314580714,0.038383125459501066,0.011940796503917106,0.03423661124144465,0.02427445753772517,-0.014385223285158233,0.02193406452895156,0.05120038466616972,0.02923227418179586,-0.00863506335318191
22,8,2007,10448,207.342,209.0,149.0,147.0,-0.08701137698962969,-0.6286086594223743,-0.21432716702868504,0.028084067643320054,0.011940796503917106,0.028057244064121356,0.025536201594204222,-0.014385223285158233,0.02813648409134828,0.02969460715001452,0.02923227418179586,-0.01840063082195531,-0.013898438626941475
14,8,2008,10536,215.303,223.2,151.9,157.0,-0.45198512374305766,0.0,-0.4603725156499623,0.037676734478223395,0.028057244064121356,0.06271179315629549,0.02253592288904234,0.02813648409134828,0.05205093278066464,0.02386366404549367,-0.01840063082195531,-0.03673683341938627,-0.007000962561823698
32,17,2009,9048,214.537,236.8,145.9,164.8,0.8266785731844681,0.7537718023763804,0.9789327988116288,-0.0035641206536007886,0.06271179315629549,-0.014160432437804182,0.020878242243062672,0.05205093278066464,0.008896404578030648,0.023061361183218075,-0.03673683341938627,0.013442148360517159,0.004790569938989485
12,7,2010,9420,218.056,237.3,150.3,169.0,-0.9808292530117262,-0.8873031950009029,-1.021120602786178,0.01626969286967128,-0.014160432437804182,0.019056407948635723,0.02492566253719867,0.008896404578030648,0.010643654777785727,0.022229832446163535,0.013442148360517159,0.002291797373398019,-0.0032770237273395467
17,9,2011,10050,224.939,249.5,155.4,176.2,0.3483066942682158,0.25131442828090633,0.28356914835140223,0.03107734380122018,0.019056407948635723,0.05773875121835648,0.015883109743013435,0.010643654777785727,0.049644024193837843,0.017266927502204155,0.002291797373398019,-0.0013622359169467302,-0.005238138274341608
15,6,2012,10199,229.594,269.8,158.4,189.0,-0.1251631429540061,-0.4054651081081646,-0.13988018471730168,0.02048327736372535,0.05773875121835648,-0.0020181715553961865,-0.007287222163683419,0.049644024193837843,0.00640181836686704,-0.0012161532846658805,-0.0013622359169467302,-0.010760632638469936,-0.003733349872652761
24,8,2013,10150,232.957,273.2,159.0,193.0,0.4700036292457357,0.2876820724517808,0.4748196000263194,0.014541355478375984,-0.0020181715553961865,-0.008071250433919985,-0.012633169740701314,0.00640181836686704,-0.00424506005409242,-0.012364841924431916,-0.010760632638469936,-0.003591546267608159,-0.005150806498079419
38,16,2014,11160,236.736,275.4,161.0,195.3,0.4595323293784399,0.6931471805599454,0.3646700779130718,0.016091709031839763,-0.008071250433919985,-0.011772244501734086,-0.01317795777601738,-0.00424506005409242,-0.0058052181667722635,-0.015722402771062367,-0.003591546267608159,0.0031521292881198093,-0.006260743719351147
23,13,2015,11462,237.017,272.5,161.7,194.4,-0.502091943797236,-0.2076393647782444,-0.5287932029736169,0.0011862723104778539,-0.011772244501734086,-0.018056014286449873,-0.005235891011503568,-0.0058052181667722635,-0.027044247552431067,-0.013638145481326507,0.0031521292881198093,-0.015013002514749907,-0.010300008186007997
37,25,2016,11606,240.007,271.0,161.3,191.6,0.4754236967150747,0.6539264674066638,0.4629387070762041,0.012536221062852348,-0.018056014286449873,-0.00970561453986818,0.00925702588682616,-0.027044247552431067,-0.014317742593983773,-0.006254078539344416,-0.015013002514749907,-0.006921357931423344,-0.011281527088319976
39,19,2017,12462,245.12,274.1,163.6,192.9,0.05264373348542195,-0.2744368457017603,-0.018518074868191903,0.02107979696890716,-0.00970561453986818,0.012053955791807347,0.014746031708971152,-0.014317742593983773,0.00044755370243532155,-0.004737570376450803,-0.006921357931423344,-0.008965664111850735,-0.010462815049505044
30,16,2018,12822,251.107,284.2,166.1,197.7,-0.26236426446749084,-0.17185025692665912,-0.29084269591052614,0.02413125656245274,0.012053955791807347,0.025422736408539315,0.02151172488570611,0.00044755370243532155,-0.0048920467264848,0.0022091518894239784,-0.008965664111850735,-0.017957559221685848,0.0035814759486350774
53,31,2019,14034,255.657,296.8,166.1,200.3,0.5690945318899665,0.6613984822453651,0.4787740206249351,0.017957559221685848,0.025422736408539315,0.006761402926566795,0.05617478480158736,-0.0048920467264848,-0.009768218105302928,0.034427040526515754,-0.017957559221685848,-0.004465221814978548,0.015885123045474472
57,26,2020,15361,258.811,302.5,167.4,200.8,0.0727593542824283,-0.17589066646366414,-0.017589518654482994,0.012261363251104385,0.006761402926566795,0.03235103532201222,0.05207039760583468,-0.009768218105302928,0.02128772050005967,0.03805009703727849,-0.004465221814978548,0.03316720888256963,0.010061480490953706
37,18,2021,16078,270.97,327.125,181.175,214.757,-0.4321333551903259,-0.3677247801253176,-0.47775340332908645,0.04591004805740084,0.03235103532201222,0.12941191615618308,0.029759003176120416,0.02128772050005967,0.09176161918479053,0.01501145099765229,0.03316720888256963,0.018953382068832347,-0.00496457330112321
45,26,2022,14752,292.655,402.116,199.418,254.234,0.19574457712609528,0.3677247801253176,0.2818177882176265,0.0769863272018334,0.12941191615618308,-0.005551758660691242,-0.015893166902204804,0.09176161918479053,0.0011009514269852971,-0.01410414270833726,0.018953382068832347,-0.021936149478540834,-0.005186781358395006
58,28,2023,14582,304.702,416.351,203.122,264.991,0.25378052077609947,0.07410797215372167,0.2653712962060988,0.04033980895669664,-0.005551758660691242,-0.03458314796713058,,0.0011009514269852971,-0.04782821761881895,,-0.021936149478540834,-0.011910952493661142,
53,31,2024,15254,313.689,414.061,206.637,260.066,-0.09015109699429713,0.10178269430994247,-0.13520496935210602,0.029067799429369323,-0.03458314796713058,-0.007544594078792599,,-0.04782821761881895,0.004414838066821858,,-0.011910952493661142,0.018286757897016948,
54,24,2025,15024,321.943,421.762,215.988,268.09,0.018692133012152556,-0.2559333741372005,0.03388497428829229,0.025972462008450492,-0.007544594078792599,,,0.004414838066821858,,,0.018286757897016948,,
